,fno,country,year,season,lat,long,pc,cem,ast,nplsqm,ccd,vartype,fym,n,p,k,mf,wcp,iu,hu,fu,cs,ldg,yield
1,1,PHL,2010,WS,14.1751,121.2935,1,1,13,0,107,2,0,92,0,0,92,2,0,1,0,3,0,5.07
2,2,PHL,2010,WS,14.1747,121.2937,1,1,13,0,107,2,0,92,0,0,92,2,0,1,0,2,0,4.23
3,3,PHL,2010,WS,14.1766,121.3096,1,1,18,0,118,2,0,99.5,0,0,99.5,1,2,0,1,3,100,4.61
4,4,PHL,2010,WS,14.1765,121.3092,1,1,18,0,118,2,0,107.3,0,0,107.3,1,2,0,0,3,100,4.88
5,5,PHL,2010,WS,14.1592,121.3077,1,1,9,0,101,2,0,56.5,10.5,10.5,77.5,2,1,1,0,3,0,3.93
6,6,PHL,2010,WS,14.1594,121.3082,1,1,9,0,101,2,0,56.5,10.5,10.5,77.5,2,0,1,0,3,0,4.87
7,7,PHL,2010,WS,14.1585,121.3086,1,1,12,0,75,2,0,115,0,0,115,2,2,2,0,2,0,4.89
8,8,PHL,2010,WS,14.1582,121.3087,1,1,12,0,75,2,0,95,0,0,95,2,2,2,0,3,0,4.45
9,9,PHL,2010,WS,14.1583,121.3078,1,1,18,0,94,2,0,88,0,0,88,1,2,0,1,3,0,5.24
10,10,PHL,2010,WS,14.1581,121.3079,1,1,18,0,94,2,0,92,0,0,92,1,2,0,1,3,0,6.2
11,11,PHL,2010,WS,14.2663,121.4352,1,1,15,0,92,2,0,65,7,7,79,2,2,1,0,3,0,7.6
12,12,PHL,2010,WS,14.2673,121.4346,1,1,15,0,115,2,0,108,0,0,108,2,3,1,0,3,0,6.21
13,13,PHL,2010,WS,14.2686,121.4344,1,1,25,0,101,2,0,64,0,0,64,1,1,0,0,3,0,4.92
14,14,PHL,2010,WS,14.2692,121.4343,1,1,17,0,119,2,0,138,0,0,138,2,3,1,0,3,0,5.26
15,15,PHL,2010,WS,14.2677,121.4347,1,1,17,0,137,2,0,103.5,0,0,103.5,1,2,0,0,3,25,5.47
16,16,PHL,2010,WS,14.2701,121.4342,1,1,21,0,102,2,1,69,0,0,69,2,1,1,0,3,0,4.87
17,17,PHL,2010,WS,14.2702,121.4347,1,1,21,0,102,2,1,76,0,0,76,2,1,1,0,3,0,4.98
18,18,PHL,2010,WS,14.2659,121.2548,1,1,15,0,100,2,0,55,0,0,55,2,2,1,0,4,0,6.19
19,19,PHL,2010,WS,14.266,121.438,1,1,15,0,100,2,0,55,0,0,55,2,2,1,0,3,0,5.55
20,20,PHL,2010,WS,14.2659,121.4387,1,1,20,0,97,3,0,22,0,0,22,1,3,0,0,2,0,4.49
21,21,PHL,2011,DS,14.1751,121.2935,1,1,20,0,98,2,1,75.5,10,10,95.5,3,8,1,0,3,0,4.86
22,22,PHL,2011,DS,14.1747,121.2937,1,1,20,0,95,2,1,75.5,10,10,95.5,3,8,1,0,2,0,4.74
23,23,PHL,2011,DS,14.1766,121.3096,1,1,22,0,109,1,1,130.2,0,0,130.2,3,3,2,0,2,0,5.02
24,24,PHL,2011,DS,14.1765,121.3092,1,1,22,0,109,1,1,130.2,0,0,130.2,3,3,2,0,2,0,4.72
25,25,PHL,2011,DS,14.1592,121.3077,1,1,13,0,103,2,1,126.5,0,0,126.5,3,2,2,0,3,0,6.69
26,26,PHL,2011,DS,14.1594,121.3082,1,1,13,0,103,2,1,126.5,0,0,126.5,3,2,2,0,4,0,6.93
27,27,PHL,2011,DS,14.1585,121.3086,1,1,19,0,112,1,1,135.5,7.8,7.9,151.2,3,1,3,0,2,0,5.35
28,28,PHL,2011,DS,14.1582,121.3087,1,1,19,0,112,1,1,135.5,7.8,7.9,151.2,3,1,3,0,3,0,5.14
29,29,PHL,2011,DS,14.1583,121.3078,1,1,22,0,99,2,1,113,0,0,113,3,2,1,0,3,0,4.9
30,30,PHL,2011,DS,14.1581,121.3079,1,1,22,0,99,2,1,113,0,0,113,3,2,1,0,3,0,3.89
31,31,PHL,2011,DS,14.2663,121.4352,1,1,14,0,93,2,1,122,7,7,136,1,2,0,0,3,0,4.7
32,32,PHL,2011,DS,14.2673,121.4346,1,1,15,0,99,2,1,108,0,0,108,3,1,1,0,3,0,6.52
33,33,PHL,2011,DS,14.2686,121.4344,1,1,20,0,94,2,1,102.2,0,0,102.2,3,1,0,0,3,0,5.76
34,34,PHL,2011,DS,14.2692,121.4343,1,1,0,0,100,2,1,128.8,0,0,128.8,3,3,0,0,3,0,6.05
35,35,PHL,2011,DS,14.2677,121.4347,1,1,0,0,97,2,1,115,0,57.5,172.5,3,2,0,0,3,0,5.19
36,36,PHL,2011,DS,14.2701,121.4342,1,1,17,0,101,2,1,114,40.5,10.5,165,3,2,1,0,3,0,5.35
37,37,PHL,2011,DS,14.2702,121.4347,1,1,17,0,101,2,1,114,40.5,10.5,165,3,2,1,0,3,0,4.88
38,38,PHL,2011,DS,14.2659,121.2548,1,1,14,0,100,2,1,53.6,0,0,53.6,3,1,0,0,3,0,5.55
39,39,PHL,2011,DS,14.266,121.438,1,1,14,0,100,2,1,53.6,0,0,53.6,3,1,0,0,3,0,5.36
40,40,PHL,2011,DS,14.2659,121.4387,1,1,0,0,114,2,1,115,0,0,115,3,0,1,0,2,0,7.03
41,41,VNM,2010,WS,10.5424,104.8087,1,2,0,460,64,1,0,71.1,28,32.7,131.7,2,3,1,6,4,100,4.85
42,42,VNM,2010,WS,10.4574,105.3294,1,2,0,390,96,2,0,121.7,37.2,41.2,200.1,2,7,1,9,4,1,4.96
43,43,VNM,2010,WS,10.4468,105.3154,1,2,0,350,92,2,0,127.4,20,40.8,188.2,2,3,2,8,4,0,5.16
44,44,VNM,2010,WS,10.448,105.3051,1,2,0,410,89,2,0,115.5,82.6,50.6,248.8,2,6,1,8,4,0,7.38
45,45,VNM,2010,WS,10.6026,105.8104,1,2,0,570,64,2,0,164.6,126.5,34.2,325.3,2,4,1,3,3,0,3.05
46,46,VNM,2010,WS,10.5985,105.8428,1,2,0,660,93,2,0,79.2,68.4,49,196.6,2,4,1,4,3,0,5.22
47,47,VNM,2010,WS,10.5985,105.8428,1,2,0,650,86,2,0,95.1,62.7,57.7,215.5,2,1,1,4,3,1,5.02
48,48,VNM,2010,WS,9.7624,105.5664,1,2,0,500,90,2,0,94.6,66.3,23,184,2,2,3,8,3,0,2.99
49,49,VNM,2010,WS,9.7519,105.5711,1,2,0,320,87,2,0,68.2,77.7,23,168.9,2,4,1,5,4,0,6.61
50,50,VNM,2010,WS,9.75,105.557,1,2,0,320,96,2,0,70.6,61.5,4.3,136.4,2,1,4,11,4,90,3.15
51,51,VNM,2010,WS,10.6227,106.0422,1,2,0,510,94,2,0,87,76,50,213,2,2,4,6,3,0,4.36
52,52,VNM,2010,WS,10.5825,106.059,1,2,0,340,89,2,0,130,151,53,334,2,4,1,10,3,1,3.04
53,53,VNM,2010,WS,10.568,106.0645,1,2,0,320,90,2,0,93.6,90,47.5,231.1,2,2,1,8,3,0,3.63
54,54,VNM,2010,WS,10.243,105.5407,1,2,0,580,95,2,0,73.6,46.4,23.2,143.2,2,3,1,3,3,0,4.96
55,55,VNM,2010,WS,10.5771,105.6454,1,2,0,460,105,2,0,75.8,59.2,38.9,174,2,2,1,6,3,30,4.09
56,56,VNM,2010,WS,10.0178,105.9496,1,2,0,421,86,2,0,116.5,53.2,42.8,212.5,2,4,2,2,4,0,4.76
57,57,VNM,2010,WS,10.0283,105.9486,1,2,0,443,88,2,0,112.7,37.4,37.2,187.3,2,2,1,4,4,0,5.27
58,58,VNM,2010,WS,10.0255,105.9134,1,2,0,446,86,2,0,111.5,62,38,211.5,2,2,2,4,3,0,4.87
59,59,VNM,2010,WS,10.0398,105.912,1,2,0,445,91,2,0,108.3,63.6,38.8,210.7,2,1,1,4,3,0,4.81
60,60,VNM,2010,WS,10.0179,105.8667,1,2,0,433,85,2,0,75.3,58,51.2,184.5,2,2,1,3,3,0,4.32
61,61,VNM,2010,WS,10.0641,105.6768,1,2,0,410,94,2,0,171.3,98.5,66.3,336,2,1,3,4,3,0,3.92
62,62,VNM,2010,WS,10.0625,105.6894,0,2,0,400,84,2,0,117.8,81,50.3,249.1,2,1,1,5,4,0,4.27
63,63,VNM,2010,WS,10.0551,105.5553,1,2,0,417,91,2,0,113,43.6,44,200.6,2,5,1,2,4,0,4
64,64,VNM,2010,WS,10.0529,105.5544,1,2,0,433,87,2,0,113.4,63.8,45.2,222.4,2,3,1,2,4,0,5.08
65,65,VNM,2010,WS,10.1956,105.5611,1,2,0,550,91,2,0,91.5,56.5,43.1,191.1,2,3,1,6,4,60,6.99
66,66,VNM,2010,WS,10.2798,105.5224,1,2,0,540,91,2,0,122.1,47.3,111.5,280.9,2,8,1,4,4,10,6.55
67,67,VNM,2010,WS,10.2128,105.568,1,2,0,580,85,2,0,73.1,45,37.7,118.1,2,4,1,5,3,0,6.03
68,68,VNM,2010,WS,10.0625,105.6893,0,2,0,390,99,2,0,129.4,31.8,23,184.2,2,5,1,2,4,0,5.02
69,69,VNM,2010,WS,10.2798,105.5224,1,2,0,350,96,2,0,82.3,63.9,35.5,181.7,2,5,1,3,3,80,4.57
70,70,VNM,2010,WS,10.243,105.5407,1,2,0,410,106,2,0,123.6,36.9,40.4,200.9,2,7,1,4,3,30,4.78
71,71,THA,2010,WS,15.0106,100.0053,1,2,0,NA,112,2,0,118.8,78.1,56.3,253.1,2,2,1,0,3,0,0
72,72,THA,2010,WS,15.0106,100.0053,1,2,0,NA,120,2,0,118.8,78.1,56.3,253.1,2,3,2,0,3,60,4
73,73,THA,2010,WS,15.0106,100.0053,1,2,0,NA,115,2,0,193.8,62.5,0,256.3,2,4,2,0,2,60,3.15
74,74,THA,2010,WS,14.8792,100.0777,1,2,0,NA,99,2,0,114.4,125,0,239.4,2,2,1,0,3,60,3.48
75,75,THA,2010,WS,14.8792,100.0777,1,2,0,NA,95,2,0,118.8,78.1,56.3,253.1,2,1,2,0,3,60,4.33
76,76,THA,2010,WS,14.8792,100.0777,1,2,0,NA,112,2,0,112.5,25,31.3,168.8,2,4,2,2,3,60,4.57
77,77,THA,2010,WS,14.8792,100.0777,1,2,0,NA,117,2,0,83.9,40.6,25.6,150.2,2,4,2,2,3,60,5.7
78,78,THA,2010,WS,14.8792,100.0777,1,2,0,NA,114,2,0,71.1,18.8,0,89.8,2,4,2,2,3,60,5
79,79,THA,2010,WS,14.8792,100.0777,1,2,0,NA,116,2,0,196.9,156.3,0,353.1,2,4,2,2,3,60,5
80,80,THA,2010,WS,14.8792,100.0777,1,2,0,NA,112,2,0,51.8,0,0,51.8,2,4,2,2,3,60,7.1
81,81,THA,2010,WS,14.8792,100.0777,1,2,0,NA,118,2,0,71.9,0,0,71.9,2,4,2,2,3,60,6.27
82,82,THA,2010,WS,14.6256,100.0441,1,2,0,NA,118,2,0,55,17.8,0,72.8,2,4,2,2,3,60,7.3
83,83,THA,2010,WS,14.6256,100.0441,1,2,0,NA,105,2,0,60.6,40.2,0,100.8,2,4,2,2,3,60,6.83
84,84,THA,2010,WS,14.6256,100.0441,1,2,0,NA,109,2,0,101.9,37.5,0,139.4,2,4,2,3,3,60,5.77
85,85,THA,2010,WS,14.6256,100.0441,1,2,0,NA,99,2,0,53.8,31.3,0,85,2,3,2,3,3,60,5.9
86,86,THA,2010,WS,14.6256,100.0441,1,2,0,NA,99,2,0,53.8,31.3,0,85,2,3,2,3,3,60,5.93
87,87,THA,2010,WS,14.6256,100.0441,1,2,0,NA,101,2,0,53.8,31.3,0,85,2,3,2,3,3,60,6.17
88,88,THA,2010,WS,14.6256,100.0441,1,2,0,NA,101,2,0,53.8,31.3,0,85,2,3,2,3,3,60,6.3
89,89,THA,2010,WS,14.6256,100.0441,1,2,0,NA,121,2,0,53.8,31.3,0,85,2,3,2,3,3,60,6
90,90,THA,2010,WS,14.6256,100.0441,1,2,0,NA,104,2,0,53.8,31.3,0,85,2,3,2,3,3,60,6.23
91,91,THA,2011,WS,14.7188,100.5253,1,2,0,0,104,2,1,60.6,40.2,0,100.8,3,4,2,2,3,100,6.17
92,92,THA,2011,WS,14.6686,100.257,1,2,0,0,111,2,1,90.2,42.4,56.3,188.8,3,1,1,1,3,0,4.1
93,93,THA,2011,WS,14.6684,100.257,1,2,0,0,107,2,1,76.4,42.4,56.3,175,3,1,2,1,3,0,5
94,94,THA,2011,WS,14.6682,100.2573,1,2,0,0,120,2,1,90.2,42.4,56.3,188.8,3,1,2,1,3,100,5.07
95,95,THA,2011,WS,14.6684,100.2573,1,2,0,0,107,2,1,116,42.4,56.3,214.7,3,0,0,0,3,0,5.24
96,96,THA,2011,WS,14.1194,100.1583,1,2,0,0,102,2,1,70.8,27.5,12.5,110.8,3,3,1,1,3,100,6.67
97,97,THA,2011,WS,14.106,100.1628,1,2,0,0,102,2,1,39.8,35,0,74.8,3,1,1,1,3,100,6.1
98,98,THA,2011,WS,14.0043,100.1744,1,2,0,0,117,2,1,60.6,40.2,0,100.8,3,1,2,1,3,100,5.17
99,99,THA,2011,WS,14.0056,100.0532,1,2,0,0,91,2,1,64.1,53.5,0,117.6,3,1,2,2,3,100,5.9
100,100,THA,2011,WS,14.0835,100.0607,1,2,0,0,114,2,1,60.6,40.2,0,100.8,3,2,1,1,3,100,5.23
101,101,THA,2011,WS,14.9911,100.0544,1,2,0,0,90,2,1,53.9,35,0,88.9,3,2,1,1,3,100,6.1
102,102,THA,2011,WS,14.7753,99.914,1,2,0,0,115,2,1,118.8,78.1,56.3,253.1,3,2,1,1,3,100,6.3
103,103,THA,2011,WS,14.7746,99.9151,1,2,0,0,113,2,1,125.9,125,0,250.9,3,2,1,1,3,100,5.5
104,104,THA,2011,WS,14.9911,100.0914,1,2,0,0,109,2,1,53.8,31.3,0,85,3,3,2,1,3,100,6
105,105,THA,2011,WS,14.5598,100.1419,1,2,0,0,102,2,1,60.6,40.2,0,100.8,3,2,1,1,3,100,6.17
106,106,THA,2011,WS,14.3824,100.0743,1,2,0,0,110,2,1,39.5,19.5,20.3,79.3,2,3,3,1,3,0,6.39
107,107,THA,2011,WS,14.3824,100.0744,1,2,0,0,104,2,1,18.2,11.1,11.6,40.9,2,3,1,0,3,0,5.87
108,108,THA,2011,WS,14.3827,100.0742,1,2,0,0,119,2,1,113.6,87.5,0,201.1,3,2,1,1,2,0,5.57
109,109,THA,2011,WS,14.3833,100.074,1,2,0,0,110,2,1,581.3,187.5,0,768.8,3,4,2,1,3,0,5.65
110,110,THA,2011,WS,14.384,100.0736,1,2,0,0,118,2,1,25.7,10.5,20.7,56.8,3,4,2,2,3,0,4.92
111,111,THA,2011,WS,14.3839,100.0732,1,2,0,0,110,2,1,103.8,31.3,0,135.1,3,3,2,1,3,0,7.4
112,112,THA,2011,WS,14.3838,100.0731,1,2,0,0,110,2,1,97.5,68.8,22.5,188.8,3,4,3,3,4,0,7.57
113,113,THA,2011,WS,14.3836,100.0726,1,2,0,0,109,2,1,91.1,51.8,10.7,153.6,3,4,3,0,3,0,6.9
114,114,THA,2011,WS,14.3831,100.0711,1,2,0,0,142,2,1,120.3,39.1,31.3,190.6,3,5,3,1,3,0,6.38
115,115,THA,2011,WS,14.3826,100.0701,1,2,0,0,119,2,1,72.5,48.8,4,125.3,3,2,3,2,3,0,5.56
116,116,THA,2011,WS,14.3825,100.0659,1,2,0,0,110,2,1,75.8,62.4,0,138.2,3,0,3,2,3,0,6.58
117,117,THA,2011,WS,14.3822,100.065,1,2,0,0,110,2,1,93.3,73.6,20.1,187,3,5,4,1,3,0,6.44
118,118,THA,2011,WS,14.3819,100.0638,1,2,0,0,119,2,1,129.6,37.5,0,167.1,3,4,4,2,3,0,5.25
119,119,THA,2011,WS,14.3827,100.0719,1,2,0,0,119,2,1,62.5,13.9,55.6,131.9,3,6,3,2,3,0,5.93
120,120,THA,2011,WS,14.3826,100.0717,0,2,0,0,105,2,1,120.3,39.1,31.3,190.6,3,4,3,1,3,0,6.99
121,121,THA,2011,WS,14.3814,100.0722,1,2,0,0,118,2,1,16.6,20.8,0,37.4,3,5,1,1,3,0,6.83
122,122,THA,2011,WS,14.3815,100.0726,1,2,0,0,118,2,1,93.8,46.9,46.9,187.5,3,2,5,1,3,0,6.41
123,123,THA,2011,WS,14.3816,100.0728,1,2,0,0,114,2,1,78.2,36.8,21,136,3,4,3,0,3,0,6.31
124,124,THA,2011,WS,14.3816,100.0729,1,2,0,0,99,2,1,68.3,25.8,0,94.1,3,4,2,0,3,0,8.1
125,125,THA,2011,WS,14.3818,100.0733,1,2,0,0,110,2,1,96.2,39.1,31.3,166.5,3,5,2,0,3,0,7.04
126,126,THA,2011,WS,14.382,100.0739,1,2,0,0,108,2,1,88.1,56.3,0,144.4,3,3,4,1,3,0,5.94
127,127,THA,2011,WS,14.381,100.0728,1,2,0,0,110,2,1,59.1,39.8,0,98.9,3,6,2,3,3,0,6.78
128,128,THA,2011,WS,14.3811,100.0719,1,2,0,0,118,2,1,62.5,21.9,21.9,106.3,3,6,3,0,3,0,5.41
129,129,THA,2011,WS,14.3859,100.0713,1,2,0,0,119,2,1,0,0,0,0,3,1,2,2,3,0,5.85
130,130,THA,2011,WS,14.3856,100.0714,1,2,0,0,110,2,1,67.5,15,19,101.5,3,4,2,0,3,0,7.01
131,131,THA,2011,WS,14.3747,100.0715,1,2,0,0,119,2,1,96.9,31.3,0,128.1,3,2,2,0,3,0,6.52
132,132,THA,2011,WS,14.3744,100.0715,1,2,0,0,90,2,1,85.5,49.8,23.7,158.9,3,5,3,0,3,0,6.78
133,133,THA,2011,WS,14.3743,100.0713,1,2,0,0,118,2,1,70.4,48.5,0,118.9,3,5,3,1,3,0,6.78
134,134,THA,2011,WS,14.3742,100.071,1,2,0,0,119,2,1,58.8,68.8,18.8,146.3,3,5,2,1,3,0,6.42
135,135,THA,2011,WS,14.3749,100.0718,1,2,0,0,116,2,1,64.4,62.5,0,126.9,3,3,2,1,3,0,7.01
136,136,IDN,2010,WS,-6.3805,107.5342,1,1,21,0,92,2,0,69,36,60,165,1,4,0,1,4,0,5.5
137,137,IDN,2010,WS,-6.3417,107.6557,1,1,21,0,96,2,0,69,36,30,135,1,4,0,1,3,0,3.5
138,138,IDN,2010,WS,-6.7983,107.4826,1,1,18,0,99,2,0,69,36,30,135,1,2,0,1,3,0,3.5
139,139,IDN,2010,WS,-6.5517,107.4632,1,1,22,0,104,2,0,69,18,30,117,1,3,0,0,4,0,5.43
140,140,IDN,2010,WS,-6.5192,107.4493,1,1,22,0,98,2,0,69,18,0,87,1,1,0,1,4,0,5.6
141,141,IDN,2010,WS,-6.3803,107.5054,1,1,21,0,101,2,0,69,36,0,105,1,2,0,1,2,0,2.08
142,142,IDN,2010,WS,-6.5147,107.7943,1,1,20,0,95,2,1,46,14.4,18,78.4,1,3,0,0,3,0,6
143,143,IDN,2010,WS,-6.387,107.6769,1,1,25,0,65,2,1,41.4,10.8,24,76.2,1,2,0,0,3,0,5.7
144,144,IDN,2010,WS,-6.5128,107.613,1,1,25,NA,80,2,1,39.7,7.5,7.5,54.7,1,2,0,0,1,0,0.37
145,145,IDN,2010,WS,-7.1991,107.9172,1,1,21,0,122,2,1,36.8,10.4,0,47.2,1,3,0,0,4,0,6.07
146,146,IDN,2010,WS,-6.6362,107.4035,1,1,17,NA,122,2,1,42.3,0,10.8,53.1,1,3,0,1,1,0,1.27
147,147,IDN,2010,WS,-6.6653,107.5457,0,1,23,0,95,2,1,46,18,24,88,1,2,0,0,4,0,5.87
148,148,IDN,2010,WS,-6.6088,107.4842,1,1,23,0,96,2,0,78.2,0,36,114.2,1,1,0,1,3,0,4
149,149,IDN,2010,WS,-6.3518,107.4583,1,1,20,0,96,2,0,52.9,0,54,106.9,1,2,0,0,4,0,6.43
150,150,IDN,2010,WS,-6.378,107.5068,1,1,24,0,100,2,0,74,32.7,54,160.7,1,2,0,2,4,0,6
151,151,IDN,2010,WS,-6.3772,107.0041,1,1,21,0,101,2,1,42.3,0,103.2,145.5,1,1,0,2,4,0,5.73
152,152,IDN,2010,WS,-6.3191,107.6873,1,1,20,9,102,2,1,93,13,18,124,1,2,0,1,4,0,5.8
153,153,IDN,2010,WS,-6.2507,107.8081,1,1,21,NA,125,2,1,84.6,19.4,54,158.1,1,1,0,0,1,0,0.57
154,154,IDN,2010,WS,-6.2462,107.8042,1,1,22,NA,94,2,0,31.7,19.4,54,105.2,3,2,1,0,1,0,0.1
155,155,IDN,2010,WS,-6.3432,107.8168,1,1,22,NA,NA,2,1,25.8,6.5,0,32.2,1,1,0,2,1,0,0.5
156,156,IDN,2010,WS,-6.8392,107.8421,1,1,21,0,88,2,1,21.2,19.4,18,58.6,1,2,0,0,4,10,4.4
157,157,IDN,2010,WS,-7.1278,107.9947,1,1,25,0,103,2,0,21.2,13,0,34.1,1,2,0,0,4,0,4.83
158,158,IDN,2010,WS,-7.0368,107.9748,1,1,28,0,101,2,1,63.5,19.4,54,136.9,1,2,0,2,4,10,5.5
159,159,IDN,2010,WS,-7.0716,107.9834,1,1,21,0,99,2,1,27.6,7.2,12,46.8,1,0,0,0,4,0,5.17
160,160,IDN,2010,WS,-7.1319,107.99,0,1,20,0,109,2,1,31.7,19.4,54,105.2,1,0,0,0,4,10,4
161,161,IDN,2011,DS,-6.8612,107.9365,1,1,15,0,117,2,1,92,30,120,242,1,2,0,0,4,0,5.47
162,162,IDN,2011,DS,-6.8867,107.9356,1,1,20,14,117,2,1,115,22.5,0,137.5,1,2,0,0,3,0,4.98
163,163,IDN,2011,DS,-6.8657,107.9174,1,1,18,0,109,1,1,92,54,90,236,1,2,0,0,3,0,4.18
164,164,IDN,2011,DS,-6.8171,107.9458,1,1,18,0,105,2,1,87.4,68.4,0,155.8,1,2,0,0,4,5,5.1
165,165,IDN,2011,DS,-6.7263,108.1163,1,1,20,0,110,2,1,204,36,50,290,1,2,0,0,4,0,5.89
166,166,IDN,2011,DS,-6.7342,108.1241,1,1,25,0,99,2,1,75,75,75,225,3,2,1,0,4,0,4.67
167,167,IDN,2011,DS,-6.7417,108.1342,1,1,25,16,134,2,1,92,18,22.5,132.5,3,0,1,1,4,0,6.47
168,168,IDN,2011,DS,-6.7851,108.5161,1,1,30,0,104,2,1,92,7.5,30,129.5,1,0,0,2,4,0,5.79
169,169,IDN,2011,DS,-6.8997,108.4931,0,1,20,0,103,2,1,241,60.7,0,301.7,3,2,1,0,4,0,6.49
170,170,IDN,2011,DS,-6.9928,108.4641,1,1,20,0,103,2,1,92,42.9,0,134.8,1,1,0,0,4,0,5
171,171,IDN,2011,DS,-6.9923,108.4664,1,1,15,0,96,2,1,46,44.6,30,120.6,3,2,2,0,4,0,5.89
172,172,IDN,2011,DS,-7.0088,108.3505,1,1,25,0,122,2,1,328.6,0,0,328.6,1,2,0,0,4,0,5.97
173,173,IDN,2011,DS,-7.0063,108.3499,1,1,21,0,134,2,1,246.4,53.5,53.4,353.3,1,2,0,0,4,0,5.59
174,174,IDN,2011,DS,-6.8346,108.2133,1,1,24,0,101,2,1,110.4,0,9,119.4,1,2,0,0,4,0,6.15
175,175,IDN,2011,DS,-6.8345,108.2131,0,1,22,0,118,2,1,92,25,25,142,1,2,0,0,3,15,3.38
176,176,IDN,2011,DS,-6.8019,108.182,1,1,21,0,94,2,1,157.7,42.8,0,200.5,1,2,0,0,4,0,5.79
177,177,IDN,2011,DS,-7.1995,107.8752,1,1,18,0,93,2,1,123.3,0,0,123.3,1,0,0,0,4,0,5.4
178,178,IDN,2011,DS,-7.3728,107.993,1,1,22,0,105,2,1,61.5,61.5,61.5,184.5,1,2,0,1,4,0,6.22
179,179,IDN,2011,DS,-7.2015,107.9134,1,1,25,0,121,2,1,46,7.2,36,89.2,1,1,0,0,3,0,3.94
180,180,IDN,2011,DS,-7.2016,107.9124,1,1,25,0,102,2,1,60,60,60,180,1,1,0,2,4,0,6.32
181,181,IDN,2011,DS,-7.2288,107.8981,1,1,17,0,101,2,1,130.6,51.1,21.3,203.1,1,2,0,2,4,0,5.52
182,182,IDN,2011,DS,-6.8829,108.4957,0,1,25,0,106,2,1,219,0,34.3,253.2,1,2,0,0,4,0,5.74
183,183,IDN,2011,DS,-7.0335,108.2177,1,1,23,0,106,2,1,131.4,102.8,0,234.2,1,1,0,1,4,0,5.4
184,184,IDN,2011,DS,-7.3655,108.433,1,1,21,0,106,2,1,197.2,0,0,197.2,1,2,0,0,4,0,5.7
185,185,IDN,2011,DS,-7.324,108.4149,1,1,28,0,91,2,1,197.1,0,85.7,282.8,1,2,0,1,4,0,7.34
186,186,IDN,2011,DS,-7.3062,108.3863,1,1,20,0,92,2,1,52.6,10.3,8.6,71.4,1,1,0,2,4,10,5.97
187,187,IDN,2011,DS,-7.3063,108.3856,1,1,22,0,103,2,1,200,50,50,300,1,0,0,2,4,40,6
188,188,IDN,2011,DS,-7.2545,108.3303,1,1,25,0,119,2,1,109.5,42.9,71.4,223.8,1,0,0,0,3,0,6.44
189,189,IDN,2011,DS,-7.0263,107.5759,1,1,25,0,113,2,1,146,0,158.7,304.8,3,0,1,1,3,0,6.19
190,190,IDN,2011,DS,-7.0257,107.58,1,1,25,0,107,2,1,131.4,0,192.9,324.3,1,0,0,2,4,0,6.41
191,191,IDN,2011,DS,-6.0164,107.0139,1,1,23,16,104,2,1,131.4,51.4,0,182.9,1,3,0,0,4,0,4.38
192,192,IDN,2011,DS,-6.0156,107.0128,1,1,20,16,100,2,1,87.6,114.2,28.6,230.4,1,1,0,1,4,0,6.13
193,193,IDN,2011,DS,-7.0001,107.0105,1,1,20,16,102,2,1,130,50,50,230,1,1,0,2,4,0,4.35
194,194,IDN,2011,DS,-7.0007,107.0098,1,1,28,16,102,2,1,250,50,50,350,1,2,0,2,4,0,7.44
195,195,IDN,2011,DS,-7.0005,107.0085,1,1,28,16,127,2,1,146,0,95.2,241.2,1,0,0,0,3,0,4.59
196,196,IDN,2011,DS,-6.0135,107.004,0,1,22,14,107,2,1,100,20,20,140,1,1,0,2,4,0,5.06
197,197,IDN,2011,DS,-6.0136,107.0023,1,1,20,16,101,2,1,115,37.5,0,152.5,1,2,0,0,4,0,4.99
198,198,IDN,2011,DS,-6.0134,107.0027,1,1,25,12,101,2,1,80,20,0,100,1,0,0,0,4,0,5.83
199,199,IDN,2011,DS,-6.0134,107.0036,1,1,25,16,99,2,1,160,30,0,190,1,1,0,1,4,0,5.38
200,200,IDN,2011,DS,-6.014,107.0023,1,1,22,16,100,2,1,120.5,37.5,0,158,1,3,0,0,3,0,4.59
201,201,IDN,2011,DS,-6.0151,107.0164,1,1,30,16,101,2,1,184,36,60,280,1,2,0,0,3,0,3.98
202,202,IDN,2011,DS,-6.0014,107.0134,1,1,25,16,107,2,1,100,30,0,130,1,0,0,1,4,0,5.34
203,203,IDN,2011,DS,-6.0117,107.0007,1,1,40,16,149,2,1,120,30,30,180,1,1,0,0,3,0,4.22
204,204,IDN,2011,DS,-6.0096,107.012,1,1,23,16,101,2,1,180,36,0,216,1,1,0,0,3,0,5.61
205,205,IDN,2011,DS,-6.0095,107.0126,0,1,25,16,81,2,1,300,100,50,450,1,1,0,1,4,0,6.97
206,206,IDN,2011,DS,-6.0065,107.0123,1,1,30,16,109,2,1,200,48,0,248,1,1,0,1,4,0,4.93
207,207,IDN,2011,DS,-6.0037,107.0006,1,1,25,16,108,2,1,120,50,25,195,1,2,0,2,5,0,7.08
208,208,IDN,2011,DS,-6.0031,107.0008,1,1,20,16,99,2,1,200,50,20,270,1,2,0,0,3,0,5.04
209,209,IDN,2011,DS,-6.0035,107.0003,1,1,25,16,106,2,1,138,36,0,174,1,3,0,2,5,0,7.06
210,210,IDN,2011,DS,-6.0028,107.0012,1,1,25,16,105,2,1,200,50,50,300,1,2,0,1,4,0,7.18
211,211,IDN,2011,DS,-6.1006,107.0046,1,1,25,16,100,2,1,132,72,0,204,1,1,0,2,4,0,6.11
212,212,IDN,2011,DS,-6.1004,107.0046,1,1,25,16,101,2,1,131.4,51.4,21.4,204.3,1,2,0,2,4,0,7.01
213,213,IDN,2011,DS,-6.1004,107.0046,1,1,27,16,92,2,1,98.6,25,32.2,155.8,1,3,0,0,4,0,4.99
214,214,IDN,2011,DS,-6.0164,107.0041,1,1,25,16,104,2,1,118.9,41.1,0,160,1,2,0,0,4,0,5.49
215,215,IDN,2011,DS,-6.0095,107.0052,1,1,20,16,101,2,1,200,50,30,280,1,1,0,1,4,0,5.27
216,216,IDN,2011,DS,-6.0077,107.0015,1,1,24,16,104,2,1,204,33,40,277,1,1,0,2,4,0,7.61
217,217,IDN,2011,DS,-6.0079,107.0014,1,1,25,16,92,2,1,173.6,50,50,273.6,1,1,0,1,4,0,6.06
218,218,IDN,2011,DS,-6.0134,107.0039,1,1,20,16,107,2,1,150,50,50,250,1,0,0,2,4,0,4.09
219,219,IDN,2011,DS,-7.0004,107.0118,1,1,25,14,105,2,1,170,50,0,220,1,1,0,1,4,0,5.59
220,220,IDN,2011,DS,-7.0004,107.0135,1,1,20,14,105,2,1,150,25,25,200,1,2,0,0,3,0,3.67
221,221,IND,2010,DS,10.344,77.574,1,1,30,0,91,2,0,45,45,57.5,147.5,1,1,0,1,4,0,6.1
222,222,IND,2010,DS,10.3095,77.5752,1,1,30,0,94,2,0,130,75,75,280,1,0,0,0,4,0,4.6
223,223,IND,2010,DS,10.3089,77.567,1,1,30,0,95,2,0,41,46,0,87,1,0,0,0,3,0,4.9
224,224,IND,2010,DS,10.3029,77.5813,1,1,30,0,93,2,0,15,23,0,38,1,0,0,0,4,0,7.4
225,225,IND,2010,DS,10.3436,77.5679,1,1,30,0,93,2,0,32,23,0,55,1,1,0,1,4,0,7.23
226,226,IND,2010,WS,11.5183,77.4311,0,1,25,0,139,2,0,89.5,25,60,174.5,1,2,0,2,4,20,2.8
227,227,IND,2010,WS,11.5392,77.5447,0,1,25,0,141,2,0,155,50,60,265,1,3,0,1,4,15,3.3
228,228,IND,2010,WS,11.6397,77.2483,1,1,25,0,144,2,0,155,50,60,265,1,3,0,2,4,10,4.9
229,229,IND,2010,WS,11.47,77.325,0,1,26,0,140,1,0,160,55,5,220,1,4,0,1,4,10,3.4
230,230,IND,2010,WS,11.5333,77.2883,1,1,30,0,148,2,0,155,50,0,205,1,4,0,0,4,20,2.5
231,231,IND,2010,WS,11.2819,77.1901,0,1,26,0,134,2,0,155,50,0,205,1,2,0,1,4,20,2.4
232,232,IND,2010,WS,11.2891,77.1832,1,1,30,0,129,2,0,155,50,0,205,1,3,0,0,4,20,2.5
233,233,IND,2010,WS,11.5019,77.3786,1,1,25,0,142,2,0,155,50,60,265,1,3,0,2,4,25,2.1
234,234,IND,2010,WS,11.515,77.3519,0,1,30,0,138,2,0,155,50,0,205,1,3,0,1,4,20,2.2
235,235,IND,2010,WS,11.3525,77.8678,1,1,30,0,140,2,0,212.5,50,60,322.5,1,4,0,1,4,25,3
236,236,IND,2010,WS,11.5283,77.2606,0,1,30,0,138,2,0,240.5,85,60,385.5,1,3,0,1,4,10,2.1
237,237,IND,2010,WS,11.5011,77.1889,0,1,25,0,145,2,0,152,75,96,323,1,4,0,1,4,20,3.6
238,238,IND,2010,WS,11.5386,77.4014,1,1,28,0,144,2,0,155,50,60,265,1,3,0,2,4,20,2.7
239,239,IND,2010,WS,11.6747,77.3914,0,1,28,0,136,2,0,155,50,60,265,1,3,0,2,4,20,2.4
240,240,IND,2010,WS,11.3861,77.1947,1,1,28,0,141,2,0,145,38,0,183,1,3,0,2,4,10,2.8
241,241,IND,2010,WS,11.6894,77.3444,0,1,30,0,144,2,0,126,67,17,210,1,4,0,1,4,20,3.2
242,242,IND,2010,WS,11.5417,77.5283,0,1,25,0,139,2,0,86,50,60,196,1,5,0,0,4,20,2.8
243,243,IND,2010,WS,11.2344,77.0289,1,1,30,0,141,2,0,97.5,50,0,147.5,1,5,0,0,4,40,2.5
244,244,IND,2010,WS,11.5414,77.4011,1,1,30,0,149,2,0,119.8,70.3,123.5,313.6,1,4,0,0,4,10,2.2
245,245,IND,2010,WS,11.2729,77.1394,1,1,30,0,145,2,0,155,50,60,265,1,5,0,0,4,10,3.1
246,246,IND,2011,WS,10.548,76.961,1,1,30,NA,118,2,0,102.5,45,0,147.5,1,2,0,1,4,10,5.4
247,247,IND,2011,WS,10.5495,76.9584,0,1,30,NA,114,2,0,130,75,75,280,1,2,0,0,4,5,6.1
248,248,IND,2011,WS,10.5551,76.941,1,1,30,NA,110,2,0,41,46,0,87,1,0,0,0,3,5,3.7
249,249,IND,2011,WS,10.5699,76.9393,0,1,28,NA,121,2,0,50,50,25,125,1,2,0,0,4,5,4.84
250,250,IND,2011,WS,10.5745,76.9475,1,1,30,NA,113,2,0,100,100,50,250,1,1,0,0,4,0,4.15
251,251,IND,2011,WS,10.5483,76.9576,1,1,25,NA,118,2,0,142.5,57.5,75,275,1,1,0,2,4,5,4.95
252,252,IND,2011,WS,10.5386,76.9488,0,1,25,NA,111,2,0,160,115,75,350,1,2,0,0,4,5,5.35
253,253,IND,2011,WS,10.539,76.9405,1,1,25,NA,111,2,0,160,115,60,335,1,3,0,0,4,5,5.65
254,254,IND,2011,WS,10.5252,76.9418,0,1,26,NA,117,2,0,100,50,25,175,1,3,0,0,4,5,7.01
255,255,IND,2011,WS,10.5242,76.9433,0,1,30,NA,121,2,0,160,115,0,275,1,4,0,0,5,5,7.81
256,256,IND,2011,WS,10.5247,76.9453,0,1,26,NA,116,2,0,160,115,0,275,1,2,0,1,5,5,7.85
257,257,IND,2011,WS,10.5214,76.9462,1,1,30,NA,115,2,0,160,115,0,275,1,3,0,0,4,5,6.25
258,258,IND,2011,WS,10.5228,76.9396,1,1,25,NA,105,2,0,160,115,75,350,1,3,0,0,4,5,5.9
259,259,IND,2011,WS,10.5161,76.9396,1,1,30,NA,114,2,0,160,115,0,275,1,2,0,0,4,5,4.81
260,260,IND,2011,WS,10.5051,76.961,1,1,30,NA,126,2,0,160,115,75,350,1,3,0,0,4,5,5.78
261,261,IND,2011,WS,10.5132,76.9534,0,1,30,NA,124,2,0,191.5,195.5,75,462,1,2,0,0,4,5,5.45
262,262,IND,2011,WS,10.506,76.9552,0,1,25,NA,125,2,0,159.5,172.5,120,452,1,2,0,0,4,5,5.65
263,263,IND,2011,WS,10.059,76.9552,0,1,30,NA,126,2,0,160,115,75,350,1,2,0,0,4,5,5.1
264,264,IND,2011,WS,10.5516,76.9454,0,1,28,NA,127,2,0,160,115,75,350,1,2,0,0,4,5,5.4
265,265,IND,2011,WS,10.5482,76.947,1,1,28,NA,128,2,0,148.8,86.3,0,235,1,2,0,0,4,5,5.7
266,266,IND,2011,WS,10.5475,76.9451,0,1,30,NA,131,2,0,131,132,17,280,1,2,0,0,4,5,5.9
267,267,IND,2011,WS,10.5159,76.9596,0,1,25,NA,125,2,0,91,115,75,281,1,2,0,0,4,5,5
268,268,IND,2011,WS,10.5053,76.9134,1,1,30,NA,128,2,0,102.5,115,0,217.5,1,2,0,1,4,5,6.05
269,269,IND,2011,WS,10.5413,76.947,1,1,30,NA,128,2,0,122.8,117.8,144,384.5,1,3,0,0,4,5,5.8
270,270,IND,2011,WS,10.5472,76.9451,1,1,30,NA,126,2,0,160,115,75,350,1,2,0,0,4,10,4.95
271,271,IND,2011,WS,10.57,76.9397,1,1,30,NA,128,2,0,102.5,45,0,147.5,1,2,0,0,4,10,5.65
272,272,IND,2011,WS,10.525,76.9434,0,1,30,NA,127,2,0,130,75,75,280,1,0,0,0,4,10,4.05
273,273,IND,2011,WS,10.5731,76.9452,1,1,30,NA,124,2,0,41,46,0,87,1,1,0,0,3,10,4.35
274,274,IND,2011,WS,10.5697,76.9385,1,1,30,NA,126,2,0,75,50,25,150,1,1,0,1,4,5,5.5
275,275,IND,2011,WS,10.5252,76.9465,0,1,25,NA,121,2,0,93.1,57.5,75,225.6,1,1,0,0,4,5,5.71
276,276,IND,2011,DS,11.4563,77.2223,1,1,27,NA,129,2,0,75,50,50,175,1,0,0,0,4,0,4.4
277,277,IND,2011,DS,11.4567,77.2188,0,1,30,NA,128,2,0,130,75,75,280,1,0,0,0,4,0,5.15
278,278,IND,2011,DS,11.4555,77.2259,1,1,30,NA,130,2,0,100,50,25,175,1,0,0,0,4,0,6.35
279,279,IND,2011,DS,11.4403,77.2431,0,1,0,NA,127,2,0,75,50,50,175,1,0,0,0,4,0,5.85
280,280,IND,2011,DS,11.4294,77.239,1,1,28,NA,126,2,0,75,50,50,175,1,0,0,0,4,0,5.25
281,281,IND,2011,DS,11.444,77.1828,0,1,25,NA,129,2,0,97.5,25,60,182.5,1,0,0,0,4,0,5.1
282,282,IND,2011,DS,11.4536,77.2384,1,1,25,NA,129,2,0,90,50,60,200,1,0,0,0,2,0,4.05
283,283,IND,2011,DS,11.4493,77.2419,1,1,25,NA,124,2,0,40,50,60,150,1,0,0,0,1,0,3.65
284,284,IND,2011,DS,11.4532,77.2431,0,1,30,NA,24,2,0,75,50,50,175,1,0,0,0,3,0,5.05
285,285,IND,2011,DS,11.4345,77.2404,1,1,30,NA,126,2,0,90,50,50,190,1,0,0,0,4,0,5.75
286,286,IND,2011,DS,11.4832,77.2398,0,1,28,NA,123,2,0,90,50,50,190,1,0,0,0,4,0,6.05
287,287,IND,2011,DS,11.4509,76.9462,0,1,28,NA,127,2,0,65,50,50,165,1,0,0,0,3,0,4.45
288,288,IND,2011,DS,11.4248,77.2374,1,1,30,NA,141,2,0,75,50,50,175,1,0,0,0,4,0,6.05
289,289,IND,2011,DS,11.444,77.2421,1,1,30,NA,120,2,0,100,50,25,175,1,0,0,0,4,0,6.85
290,290,IND,2011,DS,11.4599,77.239,1,1,30,NA,117,2,0,90,50,60,200,1,0,0,0,5,0,7.8
291,291,IND,2011,DS,11.4547,77.2409,0,1,30,NA,33,2,0,100,50,60,210,1,0,0,0,4,0,4.85
292,292,IND,2011,DS,11.4542,77.2457,0,1,25,NA,125,2,0,110,75,50,235,1,0,0,0,4,0,5.9
293,293,IND,2011,DS,11.4531,77.2518,0,1,0,NA,125,2,0,90,50,60,200,1,0,0,0,3,0,3.75
294,294,IND,2011,DS,11.4507,77.2508,0,1,30,NA,126,2,0,90,50,60,200,1,0,0,0,4,0,5.1
295,295,IND,2011,DS,11.4471,77.2115,1,1,30,NA,123,2,0,100,50,50,200,1,0,0,0,4,0,4.6
296,296,IND,2011,DS,11.4501,77.2135,0,1,30,NA,123,2,0,90,50,50,190,1,0,0,0,3,0,3.7
297,297,IND,2011,DS,11.4511,77.2164,0,1,28,NA,123,2,0,86,50,60,196,1,0,0,0,3,0,3.8
298,298,IND,2011,DS,11.4531,77.2163,1,1,30,NA,126,2,0,75,50,50,175,1,0,0,0,4,0,4.95
299,299,IND,2011,DS,11.4545,77.2044,1,1,28,NA,108,2,0,100,50,50,200,1,0,0,0,4,0,5.8
300,300,IND,2011,DS,11.4534,77.2095,1,1,30,NA,120,2,0,90,50,60,200,1,0,0,0,2,0,3.2
301,301,IND,2011,DS,11.4628,77.2069,0,1,28,NA,125,2,0,95,45,50,190,1,0,0,0,3,0,4.05
302,302,IND,2011,DS,11.4571,77.2083,1,1,28,NA,126,2,0,130,75,75,280,1,0,0,0,3,0,4.25
303,303,IND,2011,DS,11.4541,77.2081,1,1,30,NA,126,2,0,75,25,50,150,1,0,0,0,3,0,4.1
304,304,IND,2011,DS,11.4537,76.9385,1,1,28,NA,121,2,0,100,50,50,200,1,0,0,0,4,0,5.8
305,305,IND,2011,DS,11.4647,76.9465,0,1,25,NA,129,2,0,100,75,60,235,1,0,0,0,3,0,0.04
306,306,VNM,2011,WS,9.7637,105.5196,1,2,0,NA,91,2,0,NA,NA,NA,NA,2,2,1,4,3,5,4.75
307,307,VNM,2011,WS,9.7606,105.5505,1,2,0,NA,93,2,0,NA,NA,NA,NA,2,5,1,7,4,0,5.19
308,308,VNM,2011,WS,9.7954,105.5122,1,2,0,NA,95,2,0,NA,NA,NA,NA,2,2,1,5,3,15,4.98
309,309,VNM,2011,WS,9.7868,105.5261,1,2,0,NA,91,2,0,NA,NA,NA,NA,1,3,0,7,3,0,4.99
310,310,VNM,2011,WS,10.0424,105.8406,1,2,0,NA,89,2,0,NA,NA,NA,NA,2,2,1,6,4,0,5.97
311,311,VNM,2011,WS,10.0421,105.8444,1,2,0,NA,88,2,0,NA,NA,NA,NA,2,3,1,4,4,0,6.18
312,312,VNM,2011,WS,10.0387,105.8901,1,2,0,NA,99,2,0,NA,NA,NA,NA,2,4,1,3,3,0,5.75
313,313,VNM,2011,WS,10.0565,105.8943,1,2,0,NA,97,2,0,NA,NA,NA,NA,2,5,2,2,4,0,6.06
314,314,VNM,2011,WS,10.2307,105.6767,1,2,0,NA,90,2,0,NA,NA,NA,NA,2,3,2,5,4,0,4.7
315,315,VNM,2011,WS,10.0622,105.6893,1,2,0,NA,89,2,0,NA,NA,NA,NA,2,5,1,7,4,0,5.57
316,316,VNM,2011,WS,10.173,105.5109,1,2,0,NA,92,2,0,NA,NA,NA,NA,2,3,1,7,4,0,5.2
317,317,VNM,2011,WS,10.1676,105.5135,1,2,0,NA,92,2,0,NA,NA,NA,NA,2,4,2,5,4,1,4.33
318,318,VNM,2011,WS,10.1961,105.5611,1,2,0,NA,91,2,0,NA,NA,NA,NA,2,6,1,7,4,0,7.24
319,319,VNM,2011,WS,10.1905,105.5206,1,2,0,NA,92,2,0,NA,NA,NA,NA,2,3,1,4,4,0,6.36
320,320,VNM,2011,WS,10.2128,105.568,1,2,0,NA,92,2,0,NA,NA,NA,NA,2,3,1,5,4,0,5.48
321,321,IDN,2012,DS,-6.8125,107.2736,1,1,17,NA,94,2,0,135,45,45,225,1,1,0,0,4,0,6.73
322,322,IDN,2012,DS,-6.8131,107.2733,1,1,17,NA,92,2,0,180,45,45,270,1,0,0,0,4,0,6.4
323,323,IDN,2012,DS,-6.8139,107.2733,1,1,0,NA,93,2,0,135,45,45,225,1,1,0,0,4,0,6.93
324,324,IDN,2012,DS,-6.8047,107.2606,0,1,20,NA,99,2,0,120,120,120,360,1,0,0,0,4,0,6.33
325,325,IDN,2012,DS,-6.8069,107.2569,1,1,20,NA,93,2,0,225,150,90,465,1,0,0,0,4,0,5.8
326,326,IDN,2012,DS,-6.7658,106.7692,1,1,0,NA,109,1,1,280.8,51.3,51.3,383.4,1,0,0,0,4,0,6.67
327,327,IDN,2012,DS,-6.7644,106.7683,1,1,0,NA,90,2,0,61.5,11.5,7.5,80.5,1,0,0,0,4,0,6.67
328,328,IDN,2012,DS,-6.7569,106.7692,1,1,17,NA,111,2,0,187.2,34.2,34.2,255.6,1,0,0,0,4,0,5.47
329,329,IDN,2012,DS,-6.7664,106.7828,1,1,0,NA,96,2,0,135,36,0,171,1,0,0,0,3,0,5.93
330,330,IDN,2012,DS,-6.7658,106.7825,1,1,0,NA,94,2,0,74.7,31.2,0,105.9,1,1,0,0,3,0,6.13
331,331,IDN,2012,DS,-6.2856,107.2956,1,1,22,NA,89,2,0,165,30,30,225,1,3,0,1,3,0,4.33
332,332,IDN,2012,DS,-6.2871,107.2968,1,1,22,NA,85,2,0,131.25,18.75,18.75,168.75,1,5,0,0,2,0,3.47
333,333,IDN,2012,DS,-6.2863,107.2859,1,1,22,NA,80,2,0,150,37.5,37.5,225,1,4,0,0,3,0,4.13
334,334,IDN,2012,DS,-6.2908,107.2973,1,1,25,NA,74,2,0,82.5,15,35,132.5,1,3,0,0,2,0,2.96
335,335,IDN,2012,DS,-6.288,107.2973,1,1,25,NA,74,2,0,82.5,15,35,132.5,1,3,0,0,4,0,3.2
336,336,IDN,2012,DS,-6.6198,106.6464,1,1,25,NA,94,2,0,45,45,45,135,1,4,0,0,4,0,7
337,337,IDN,2012,DS,-6.6164,106.6491,1,1,27,NA,98,2,0,120,30,30,180,1,1,0,0,4,0,7.5
338,338,IDN,2012,DS,-6.617,106.6481,1,1,25,NA,100,2,0,150,48,12,210,1,2,0,0,4,0,7.6
339,339,IDN,2012,DS,-6.6049,106.5723,1,1,25,NA,99,2,0,135,36,0,171,1,3,0,0,4,0,6.17
340,340,IDN,2012,DS,-6.6192,106.9809,1,1,25,NA,94,2,0,90,36,60,186,1,4,0,0,4,0,7.8
341,341,IND,2012,DS,11.471,77.3147,1,1,28,NA,111,2,0,45,45,57.5,147.5,1,2,0,2,4,0,4.94
342,342,IND,2012,DS,10.5495,76.9585,1,1,30,NA,113,2,0,130,75,75,280,1,1,0,1,4,10,4.4
343,343,IND,2012,DS,10.5386,76.9488,1,1,28,NA,114,2,0,41,46,0,87,1,2,0,2,4,10,4.93
344,344,IND,2012,DS,10.5699,76.9393,1,1,30,NA,110,2,0,15,23,0,38,1,1,0,0,4,0,4.73
345,345,IND,2012,DS,10.539,76.9405,1,1,30,NA,110,2,0,32,23,0,55,1,2,0,2,4,0,4.9
346,346,IND,2012,DS,10.5164,76.949,1,1,28,NA,104,2,0,77.5,25,60,162.5,1,1,0,2,4,0,4.97
347,347,IND,2012,DS,10.5252,76.9418,1,1,30,NA,99,2,0,155,50,60,265,1,2,0,1,4,0,4.6
348,348,IND,2012,DS,10.509,76.8885,1,1,28,NA,105,2,0,155,50,60,265,1,3,0,1,4,0,4.6
349,349,IND,2012,DS,10.5228,76.9396,1,1,28,NA,108,2,0,155,50,0,205,1,2,0,2,3,10,3.57
350,350,IND,2012,DS,10.5132,76.9534,1,1,30,NA,100,2,0,155,50,0,205,1,3,0,0,4,0,4.97
351,351,IND,2012,DS,10.506,76.9537,1,1,28,NA,105,2,0,155,50,0,205,1,2,0,2,4,0,4.17
352,352,IND,2012,DS,10.5745,76.9472,1,1,28,NA,110,2,0,155,50,0,205,1,3,0,1,3,0,4.07
353,353,IND,2012,DS,10.5159,76.9596,1,1,25,NA,107,2,0,155,50,60,265,1,3,0,0,4,0,4.53
354,354,IND,2012,DS,10.5747,76.947,1,1,28,NA,110,2,0,155,50,0,205,1,2,0,1,4,0,4.47
355,355,IND,2012,DS,10.5472,76.9451,1,1,28,NA,117,2,0,212.5,50,60,322.5,1,3,0,0,4,0,4.37
356,356,IND,2012,DS,10.57,76.9397,1,1,30,NA,100,2,0,240.5,85,60,385.5,1,2,0,1,4,0,4.73
357,357,IND,2012,DS,10.5697,76.9385,1,1,28,NA,101,2,0,152,75,96,323,1,3,0,0,4,10,4.1
358,358,IND,2012,DS,10.5252,76.9465,1,1,28,NA,107,2,0,155,50,60,265,1,3,0,3,4,10,4.15
359,359,IND,2012,DS,10.5731,76.9452,1,1,28,NA,105,2,0,155,50,60,265,1,4,0,2,4,10,4.33
360,360,IND,2012,DS,10.5482,76.9465,1,1,30,NA,109,2,0,145,38,0,183,1,3,0,1,4,0,3.7
361,361,THA,2012,WS,14.6466,100.1131,1,2,0,NA,139,2,0,96.25,38.75,18.75,153.75,2,2,2,1,5,20,4.04
362,362,THA,2012,WS,14.6461,100.1054,1,2,0,NA,48,2,0,120.12,35.88,35.88,191.88,2,4,2,4,5,25,5.2
363,363,THA,2012,WS,14.6384,100.1103,1,2,0,NA,114,2,0,96.25,31.25,25,152.5,2,2,2,2,2,0,4.39
364,364,THA,2012,WS,14.65,100.1266,1,2,0,NA,102,2,0,72.38,23.5,18.8,114.68,2,3,2,1,3,1,4.8
365,365,THA,2012,WS,14.6385,100.1107,1,2,0,NA,102,2,0,72.38,23.5,18.8,114.68,2,3,3,1,4,15,4.34
366,366,THA,2012,WS,14.6414,100.1109,1,2,0,NA,102,2,0,72.38,23.5,18.8,114.68,2,3,2,1,4,1,3.64
367,367,THA,2012,WS,14.6317,100.1165,1,2,0,NA,93,2,0,145.08,70.2,31.2,246.48,2,3,2,1,4,0,4.87
368,368,THA,2012,WS,14.6457,100.1199,1,2,0,NA,111,2,0,174.84,56.4,0,231.24,2,2,2,2,3,10,2.75
369,369,THA,2012,WS,14.6472,100.1233,1,2,0,NA,90,2,0,407.34,131.4,0,538.74,2,3,2,1,4,0,5.8
370,370,THA,2012,WS,14.6511,100.1266,1,2,0,NA,123,2,0,232.5,75,0,307.5,2,3,3,1,4,0,5.22
371,371,THA,2012,WS,14.6314,100.1155,1,2,0,NA,94,2,0,97.5,50,0,147.5,2,2,2,1,4,3,4.07
372,372,THA,2012,WS,14.6432,100.123,1,2,0,NA,93,2,0,116.25,56.25,25,197.5,2,2,2,1,4,4,4.24
373,373,THA,2012,WS,14.6406,100.1284,1,2,0,NA,127,2,0,146.64,93.6,0,240.24,2,3,2,1,3,0,3.26
374,374,THA,2012,WS,14.6508,100.1264,1,2,0,NA,100,2,0,96.25,31.25,25,152.5,2,3,2,1,3,3,3.57
375,375,THA,2012,WS,14.65,100.1269,1,2,0,NA,100,2,0,96.25,31.25,25,152.5,2,2,3,1,3,3,5.53
376,376,THA,2012,WS,14.6472,100.1235,1,2,0,NA,97,2,0,143.52,12.48,12.48,168.48,2,2,1,2,3,0,4.62
377,377,THA,2012,WS,14.6393,100.1129,1,2,0,NA,93,2,0,265.2,62.4,0,327.6,2,2,3,1,4,0,5.53
378,378,THA,2012,WS,14.6368,100.1077,1,2,0,NA,105,2,0,120.12,54.6,23.4,198.12,2,2,2,1,2,0,3.68
379,379,THA,2012,WS,14.6469,100.1226,1,2,0,NA,114,2,0,74.88,93.6,0,168.48,2,4,5,0,3,0,4.27
380,380,THA,2012,WS,14.6465,100.1219,1,2,0,NA,114,2,0,74.88,93.6,0,168.48,2,4,2,0,4,1,4.45
381,381,THA,2012,WS,14.6442,100.1174,1,2,0,NA,111,2,0,171.12,55.2,0,226.32,2,2,2,2,3,5,2.94
382,382,THA,2012,WS,14.6458,100.121,1,2,0,NA,111,2,0,174.84,56.4,0,231.24,2,2,2,2,2,5,1.31
383,383,THA,2012,WS,14.6425,100.1106,1,2,0,NA,124,2,0,96.25,31.25,25,152.5,2,2,3,1,4,15,4.09
384,384,THA,2012,WS,14.6408,100.122,1,2,0,NA,114,2,0,135,62.5,50,247.5,2,1,4,0,5,2,3.52
385,385,THA,2012,WS,14.6382,100.1261,1,2,0,NA,114,2,0,146.64,93.6,0,240.24,2,2,2,1,4,3,5.1
386,386,THA,2012,WS,14.6386,100.1108,1,2,0,NA,114,2,0,96.25,31.25,25,152.5,2,2,2,2,2,1,4.54
387,387,THA,2012,WS,14.6401,100.1156,1,2,0,NA,114,2,0,96.25,31.25,25,152.5,2,2,2,2,3,0,4.36
388,388,THA,2012,WS,14.6434,100.1232,1,2,0,NA,113,2,0,78.02,49.8,0,127.82,2,1,2,2,4,0,4.37
389,389,THA,2012,WS,14.6353,100.1145,1,2,0,NA,119,2,0,135,62.5,50,247.5,2,1,4,0,4,2,4.01
390,390,THA,2012,WS,14.6405,100.1284,1,2,0,NA,104,2,0,77.08,33.84,16.92,127.84,2,0,0,0,4,0,3.26
391,391,THA,2012,WS,14.6431,100.1225,1,2,0,NA,113,2,0,78.02,49.8,0,127.82,2,2,2,2,4,0,4.33
392,392,THA,2012,WS,14.6394,100.1179,1,2,0,NA,115,2,1,96.25,31.25,25,152.5,2,2,2,2,2,0,4.08
393,393,THA,2012,WS,14.636,100.1163,1,2,0,NA,114,2,0,81,37.5,30,148.5,2,1,4,0,3,1,4.69
394,394,THA,2012,WS,14.6411,100.111,1,2,0,NA,94,2,1,93,45,20,158,2,2,2,1,4,4,4.68
395,395,THA,2012,WS,14.6416,100.1163,1,2,0,NA,105,2,0,117,60,0,177,2,2,2,3,4,2,4.07
396,396,THA,2012,WS,14.6471,100.1232,1,2,0,NA,100,2,0,188.48,136.8,60.8,386.08,2,4,3,1,4,0,4.85
397,397,THA,2012,WS,14.6321,100.1176,1,2,0,NA,99,2,0,143.52,12.48,12.48,168.48,2,2,2,2,2,0,3.43
398,398,THA,2012,WS,14.6315,100.1156,1,2,0,NA,94,2,0,121.68,62.4,0,184.08,2,2,2,1,4,2,4.4
399,399,THA,2012,WS,14.6378,100.1245,1,2,0,NA,123,2,0,232.5,75,0,307.5,2,3,4,1,4,0,2.82
400,400,THA,2012,WS,14.6321,100.1177,1,2,0,NA,104,2,0,127.92,56.16,28.08,212.16,2,3,2,1,4,5,5.52
401,401,VNM,2012,DS,10.5767,105.1967,1,2,0,NA,105,2,0,101.8,56,90,247.8,2,2,1,2,4,0,7.52
402,402,VNM,2012,DS,10.5767,105.1967,1,2,0,NA,105,2,0,81.2,44.8,64.4,190.4,2,2,1,2,4,0,7.48
403,403,VNM,2012,DS,10.5767,105.1967,1,2,0,NA,105,2,0,102,80,84,266,2,2,1,2,4,0,7.45
404,404,VNM,2012,DS,10.5767,105.1967,1,2,0,NA,87,2,0,138,105.8,30,273.8,2,0,1,1,4,0,7
405,405,VNM,2012,DS,10.5767,105.1967,1,2,0,NA,87,2,0,99,46,30,175,2,0,4,0,4,0,7.4
406,406,VNM,2012,DS,10.5767,105.1967,1,2,0,NA,87,2,0,109,55.2,30,194.2,2,1,4,0,4,0,7.5
407,407,VNM,2012,DS,10.5767,105.1967,1,2,0,NA,87,2,0,96,69,30,195,2,3,3,0,4,0,7.47
408,408,VNM,2012,DS,10.2867,105.6569,1,2,0,NA,85,2,0,125.5,53,60,238.5,2,4,2,5,4,0,4.8
409,409,VNM,2012,DS,10.2867,105.6569,1,2,0,NA,86,2,0,51.5,40,80,171.5,2,3,1,4,3,0,4.78
410,410,VNM,2012,DS,10.2867,105.6569,1,2,0,NA,67,2,0,51.5,40,80,171.5,2,1,1,4,3,0,5.62
411,411,VNM,2012,DS,10.2867,105.6569,1,2,0,NA,88,2,0,60.3,50.8,15,126.1,2,2,2,3,4,10,5.28
412,412,VNM,2012,DS,10.2867,105.6569,1,2,0,NA,89,2,0,85,16,58.4,159.4,2,3,1,4,4,0,5.27
413,413,VNM,2012,DS,10.4475,106.5636,1,2,0,NA,100,2,0,117.4,41.4,7.5,166.3,2,5,1,3,4,0,5.83
414,414,VNM,2012,DS,10.4475,106.5636,1,2,0,NA,99,2,0,110,77.5,120,307.5,2,2,1,3,4,0,5.97
415,415,VNM,2012,DS,10.4475,106.5622,1,2,0,NA,91,2,0,66.8,41.4,99,207.2,2,3,1,3,4,0,6.88
416,416,VNM,2012,DS,10.3964,106.4464,1,2,0,NA,92,2,0,116.5,31.5,60,208,1,3,0,2,4,0,9.03
417,417,VNM,2012,DS,10.3667,106.6667,1,2,0,NA,102,2,0,67.4,29.8,26,123.2,1,0,0,3,4,0,9.07
418,418,VNM,2012,DS,10.3667,106.6667,1,2,0,NA,99,2,0,83.6,13.8,60,157.4,1,1,0,4,3,1,7.8
419,419,VNM,2012,DS,10.3667,106.6667,1,2,0,NA,107,2,0,121.6,69,8,198.6,3,1,1,3,3,0,8.1
420,420,VNM,2012,DS,10.3667,106.6667,1,2,0,NA,87,2,0,98,43,75,216,1,1,0,2,4,1,10.15
421,421,VNM,2012,DS,10.1125,106.0906,1,2,0,NA,86,2,0,99.8,55.2,30,185,3,4,1,4,4,0,7.9
422,422,VNM,2012,DS,10.1125,106.0072,1,2,0,NA,86,2,0,96,46,42,184,1,2,0,4,4,0,8.18
423,423,VNM,2012,DS,10.4383,106.1128,1,2,0,NA,95,2,0,110,62,38,210,3,4,1,3,4,0,8.67
424,424,VNM,2012,DS,10.4078,106.1128,1,2,0,NA,95,2,0,117,39,8,164,3,2,1,4,4,0,8.63
425,425,VNM,2012,DS,10.4078,106.1111,1,2,0,NA,90,2,0,48,39,38,125,3,5,1,5,4,0,9.77